timestamp,open,high,low,close,volume
2026-08-06 04:00:00-04:00,213.22,214.3,211.9647,213.0,0
2026-08-06 04:01:00-04:00,214.4125,214.58,212.57,213.0,0
2026-08-06 04:02:00-04:00,213.1,213.1,211.0875,211.0875,0
2026-08-06 04:05:00-04:00,212.3,214.27,212.3,214.17,0
2026-08-06 04:08:00-04:00,211.0,213.64,211.0,213.64,0
2026-08-06 04:11:00-04:00,212.09,212.09,212.0,212.0,0
2026-08-06 04:13:00-04:00,211.38,211.38,211.1,211.37,0
2026-08-06 04:14:00-04:00,211.37,212.49,211.37,212.49,0
2026-08-06 04:17:00-04:00,211.01,211.01,211.01,211.01,0
2026-08-06 04:18:00-04:00,211.52,211.99,211.01,211.01,0
2026-08-06 04:19:00-04:00,211.51,211.51,211.51,211.51,0
2026-08-06 04:21:00-04:00,212.0,212.46,212.0,212.46,0
2026-08-06 04:30:00-04:00,212.19,212.19,212.01,212.01,0
2026-08-06 04:31:00-04:00,212.0,212.0,212.0,212.0,0
2026-08-06 04:34:00-04:00,214.5,214.5,212.75,212.89,0
2026-08-06 04:35:00-04:00,212.83,214.3073,212.83,212.89,0
2026-08-06 04:46:00-04:00,213.1,213.1,213.1,213.1,0
2026-08-06 04:47:00-04:00,213.1,213.1,213.1,213.1,0
2026-08-06 04:54:00-04:00,213.4,213.4,213.4,213.4,0
2026-08-06 04:58:00-04:00,213.2,213.2,213.11,213.11,0
2026-08-06 05:01:00-04:00,213.35,213.35,213.1,213.1,0
2026-08-06 05:02:00-04:00,213.4,213.4,213.1,213.1,0
2026-08-06 05:04:00-04:00,213.11,213.11,213.11,213.11,0
2026-08-06 05:05:00-04:00,213.11,213.11,213.11,213.11,0
2026-08-06 05:06:00-04:00,211.4438,213.17,211.4438,213.17,0
2026-08-06 05:07:00-04:00,213.108,213.11,213.108,213.11,0
2026-08-06 05:08:00-04:00,213.104,213.11,212.1542,212.1542,0
2026-08-06 05:11:00-04:00,212.2,212.2,212.2,212.2,0
2026-08-06 05:15:00-04:00,212.4,212.48,212.4,212.48,0
2026-08-06 05:17:00-04:00,212.93,212.93,212.93,212.93,0
2026-08-06 05:19:00-04:00,212.56,214.1,212.56,214.1,0
2026-08-06 05:20:00-04:00,212.96,212.96,212.96,212.96,0
2026-08-06 05:32:00-04:00,212.9,212.96,212.9,212.96,0
2026-08-06 05:37:00-04:00,212.85,213.39,212.85,213.39,0
2026-08-06 05:41:00-04:00,213.03,213.39,213.03,213.37,0
2026-08-06 05:54:00-04:00,213.37,213.37,213.37,213.37,0
2026-08-06 05:56:00-04:00,213.311,213.311,213.311,213.311,0
2026-08-06 05:57:00-04:00,213.31,213.31,213.31,213.31,0
2026-08-06 06:05:00-04:00,213.36,213.36,213.36,213.36,0
2026-08-06 06:14:00-04:00,212.96,213.32,212.96,213.32,0
2026-08-06 06:15:00-04:00,213.311,213.311,213.3,213.3,0
2026-08-06 06:19:00-04:00,213.35,213.35,213.35,213.35,0
2026-08-06 06:21:00-04:00,213.35,213.35,213.35,213.35,0
2026-08-06 06:32:00-04:00,213.01,213.01,213.0,213.0,0
2026-08-06 06:33:00-04:00,212.97,212.97,212.97,212.97,0
2026-08-06 06:36:00-04:00,212.76,212.76,212.75,212.75,0
2026-08-06 06:39:00-04:00,212.51,212.51,212.3,212.3,0
2026-08-06 06:47:00-04:00,212.77,212.77,212.77,212.77,0
2026-08-06 06:49:00-04:00,212.97,212.97,212.97,212.97,0
2026-08-06 06:51:00-04:00,212.03,212.03,212.03,212.03,0
2026-08-06 06:52:00-04:00,212.5,212.5,212.5,212.5,0
2026-08-06 06:53:00-04:00,212.01,212.01,212.01,212.01,0
2026-08-06 07:00:00-04:00,212.5,213.0,211.5125,211.5125,0
2026-08-06 07:02:00-04:00,212.05,212.05,212.05,212.05,0
2026-08-06 07:03:00-04:00,211.2367,211.2367,211.2367,211.2367,0
2026-08-06 07:05:00-04:00,211.05,211.2,210.14,210.14,0
2026-08-06 07:06:00-04:00,210.14,210.8,209.0,209.99,0
2026-08-06 07:07:00-04:00,210.0,210.0,209.0,209.55,0
2026-08-06 07:08:00-04:00,210.0,210.0,209.221,209.221,0
2026-08-06 07:09:00-04:00,209.31,210.9583,209.2235,209.2235,0
2026-08-06 07:10:00-04:00,210.2,210.99,210.11,210.5,0
2026-08-06 07:11:00-04:00,210.64,211.0,210.64,210.7163,0
2026-08-06 07:12:00-04:00,210.2,210.2,210.0,210.0,0
2026-08-06 07:13:00-04:00,209.0,210.0,209.0,210.0,0
2026-08-06 07:14:00-04:00,210.5,212.0,210.5,212.0,0
2026-08-06 07:16:00-04:00,211.0,211.5,211.0,211.5,0
2026-08-06 07:17:00-04:00,210.51,210.51,210.51,210.51,0
2026-08-06 07:18:00-04:00,211.2,211.2,211.2,211.2,0
2026-08-06 07:19:00-04:00,210.0,210.79,210.0,210.51,0
2026-08-06 07:20:00-04:00,210.52,210.52,210.0003,210.0003,0
2026-08-06 07:21:00-04:00,210.51,210.51,210.51,210.51,0
2026-08-06 07:22:00-04:00,211.5,211.5,211.5,211.5,0
2026-08-06 07:24:00-04:00,210.0,211.748,210.0,211.748,0
2026-08-06 07:25:00-04:00,211.0,211.0,211.0,211.0,0
2026-08-06 07:26:00-04:00,210.5,212.0,210.0,212.0,0
2026-08-06 07:27:00-04:00,211.99,211.99,211.99,211.99,0
2026-08-06 07:29:00-04:00,212.0,212.0,212.0,212.0,0
2026-08-06 07:30:00-04:00,210.8333,210.8333,210.8333,210.8333,0
2026-08-06 07:31:00-04:00,211.99,213.0,211.99,213.0,0
2026-08-06 07:32:00-04:00,212.0,213.0,212.0,213.0,0
2026-08-06 07:33:00-04:00,212.86,212.86,212.0,212.0,0
2026-08-06 07:36:00-04:00,212.0,212.0,211.46,211.46,0
2026-08-06 07:38:00-04:00,212.0,213.0,212.0,213.0,0
2026-08-06 07:41:00-04:00,212.97,212.97,211.9489,211.9489,0
2026-08-06 07:42:00-04:00,212.97,213.0,212.6564,212.6564,0
2026-08-06 07:43:00-04:00,212.12,212.12,212.12,212.12,0
2026-08-06 07:44:00-04:00,212.96,212.96,212.96,212.96,0
2026-08-06 07:45:00-04:00,212.94,212.97,212.94,212.97,0
2026-08-06 07:46:00-04:00,212.97,212.97,212.97,212.97,0
2026-08-06 07:47:00-04:00,212.97,212.97,212.97,212.97,0
2026-08-06 07:49:00-04:00,212.9279,212.97,211.3053,211.3053,0
2026-08-06 07:50:00-04:00,212.02,212.32,212.02,212.27,0
2026-08-06 07:51:00-04:00,212.05,212.97,212.05,212.97,0
2026-08-06 07:52:00-04:00,212.97,212.97,212.97,212.97,0
2026-08-06 07:53:00-04:00,211.0,211.0,211.0,211.0,0
2026-08-06 07:55:00-04:00,211.042,211.9775,211.042,211.9775,0
2026-08-06 07:56:00-04:00,211.61,211.7,211.61,211.7,0
2026-08-06 07:57:00-04:00,211.88,212.42,211.88,212.42,0
2026-08-06 07:59:00-04:00,212.42,212.42,212.26,212.26,0
2026-08-06 08:01:00-04:00,211.7937,211.7937,211.7937,211.7937,0
2026-08-06 08:02:00-04:00,211.5,211.5,211.5,211.5,0
2026-08-06 08:03:00-04:00,211.5,211.5,211.5,211.5,0
2026-08-06 08:04:00-04:00,211.695,211.695,211.695,211.695,0
2026-08-06 08:06:00-04:00,212.42,212.42,212.42,212.42,0
2026-08-06 08:07:00-04:00,211.5,211.5,211.5,211.5,0
2026-08-06 08:08:00-04:00,211.5,211.5,211.5,211.5,0
2026-08-06 08:09:00-04:00,211.5,211.5,211.1787,211.1787,0
2026-08-06 08:11:00-04:00,210.13,210.2,210.0,210.0,0
2026-08-06 08:12:00-04:00,210.1419,210.1419,210.1419,210.1419,0
2026-08-06 08:14:00-04:00,210.374,210.374,210.374,210.374,0
2026-08-06 08:15:00-04:00,210.5,210.5,210.5,210.5,0
2026-08-06 08:16:00-04:00,210.15,210.15,210.15,210.15,0
2026-08-06 08:17:00-04:00,210.4171,210.4176,210.4171,210.4176,0
2026-08-06 08:18:00-04:00,210.16,210.4,210.16,210.28,0
2026-08-06 08:19:00-04:00,211.2892,211.2892,211.2892,211.2892,0
2026-08-06 08:20:00-04:00,210.3,210.3592,210.3,210.3592,0
2026-08-06 08:21:00-04:00,211.04,211.04,211.04,211.04,0
2026-08-06 08:22:00-04:00,211.04,211.5,210.3067,211.5,0
2026-08-06 08:24:00-04:00,211.5,211.5,211.5,211.5,0
2026-08-06 08:25:00-04:00,210.5,210.5,210.15,210.15,0
2026-08-06 08:29:00-04:00,210.3339,210.3339,210.3339,210.3339,0
2026-08-06 08:30:00-04:00,210.29,210.75,210.29,210.75,0
2026-08-06 08:35:00-04:00,210.5,210.5,210.5,210.5,0
2026-08-06 08:36:00-04:00,211.49,211.49,210.2325,210.2325,0
2026-08-06 08:37:00-04:00,210.2232,210.2232,210.2232,210.2232,0
2026-08-06 08:38:00-04:00,211.3,211.3,211.3,211.3,0
2026-08-06 08:39:00-04:00,210.0,210.29,210.0,210.29,0
2026-08-06 08:40:00-04:00,210.29,210.29,210.29,210.29,0
2026-08-06 08:43:00-04:00,210.36,210.48,210.29,210.29,0
2026-08-06 08:44:00-04:00,210.0001,210.0001,210.0,210.0,0
2026-08-06 08:45:00-04:00,210.1834,210.1834,210.1834,210.1834,0
2026-08-06 08:46:00-04:00,210.2325,210.55,210.2325,210.28,0
2026-08-06 08:47:00-04:00,210.28,210.28,210.15,210.15,0
2026-08-06 08:48:00-04:00,210.1627,211.4625,210.1627,210.69,0
2026-08-06 08:49:00-04:00,210.2325,210.2325,210.2325,210.2325,0
2026-08-06 08:51:00-04:00,210.4,210.45,210.27,210.28,0
2026-08-06 08:52:00-04:00,210.0,210.0,209.55,209.55,0
2026-08-06 08:53:00-04:00,209.59,209.59,209.59,209.59,0
2026-08-06 08:54:00-04:00,209.61,210.0,209.5,210.0,0
2026-08-06 08:55:00-04:00,210.0,210.0,210.0,210.0,0
2026-08-06 08:56:00-04:00,209.64,209.64,209.0,209.195,0
2026-08-06 08:57:00-04:00,209.0,210.0,209.0,210.0,0
2026-08-06 08:58:00-04:00,209.5,209.5,209.5,209.5,0
2026-08-06 09:00:00-04:00,209.58,209.58,209.11,209.11,0
2026-08-06 09:01:00-04:00,209.4,209.4,209.33,209.4,0
2026-08-06 09:02:00-04:00,209.5,209.5,209.5,209.5,0
2026-08-06 09:03:00-04:00,209.728,209.728,209.5,209.5,0
2026-08-06 09:04:00-04:00,209.5,211.5,209.5,211.0,0
2026-08-06 09:06:00-04:00,209.83,209.83,209.0,209.2742,0
2026-08-06 09:07:00-04:00,209.45,209.45,208.0,208.0001,0
2026-08-06 09:08:00-04:00,208.0,210.13,208.0,209.55,0
2026-08-06 09:09:00-04:00,210.0,210.0,208.97,210.0,0
2026-08-06 09:11:00-04:00,208.9,208.9,208.9,208.9,0
2026-08-06 09:12:00-04:00,208.734,208.91,208.04,208.91,0
2026-08-06 09:13:00-04:00,208.5,208.73,208.5,208.5,0
2026-08-06 09:14:00-04:00,208.04,209.56,208.04,208.3,0
2026-08-06 09:15:00-04:00,211.01,211.01,209.56,209.56,0
2026-08-06 09:16:00-04:00,208.25,209.0795,208.06,209.0795,0
2026-08-06 09:17:00-04:00,208.06,208.9,208.06,208.8,0
2026-08-06 09:18:00-04:00,208.9,208.9,208.9,208.9,0
2026-08-06 09:19:00-04:00,208.59,209.21,208.3,208.3,0
2026-08-06 09:20:00-04:00,208.31,208.4,208.1144,208.4,0
2026-08-06 09:21:00-04:00,208.2,208.66,208.2,208.4,0
2026-08-06 09:22:00-04:00,208.6,208.7317,208.4,208.4,0
2026-08-06 09:23:00-04:00,208.55,208.55,208.4541,208.4541,0
2026-08-06 09:24:00-04:00,208.76,208.77,208.49,208.49,0
2026-08-06 09:25:00-04:00,208.1,208.1,207.0542,207.29,0
2026-08-06 09:26:00-04:00,207.12,207.124,206.4,206.84,0
2026-08-06 09:27:00-04:00,206.41,206.616,206.11,206.5976,0
2026-08-06 09:28:00-04:00,206.11,206.12,205.01,205.81,0
2026-08-06 09:29:00-04:00,205.89,206.51,205.0847,206.51,0
2026-08-06 09:30:00-04:00,206.14500427246094,210.0,205.00999450683594,209.35499572753906,123639
2026-08-06 09:31:00-04:00,207.18499755859375,210.00999450683594,206.97500610351562,208.0050048828125,7345
2026-08-06 09:32:00-04:00,209.26919555664062,210.1999969482422,207.17999267578125,210.0,15689
2026-08-06 09:33:00-04:00,209.0,210.7299041748047,208.5,210.10499572753906,22037
2026-08-06 09:34:00-04:00,210.69000244140625,212.55999755859375,209.68499755859375,212.08999633789062,13599
2026-08-06 09:35:00-04:00,212.99000549316406,213.33999633789062,211.0500030517578,212.5050048828125,33495
2026-08-06 09:36:00-04:00,212.5050048828125,213.74000549316406,211.0,213.3000030517578,20347
2026-08-06 09:37:00-04:00,213.38499450683594,213.47000122070312,211.88499450683594,212.7100067138672,20536
2026-08-06 09:38:00-04:00,212.77000427246094,214.0,212.0,212.19500732421875,16620
2026-08-06 09:39:00-04:00,212.1699981689453,212.49989318847656,210.33009338378906,211.0500030517578,22281
2026-08-06 09:40:00-04:00,210.9600067138672,213.3000030517578,210.9600067138672,211.77499389648438,9862
2026-08-06 09:41:00-04:00,211.74000549316406,212.30999755859375,211.0,211.0,8487
2026-08-06 09:42:00-04:00,211.0,211.3699951171875,208.92999267578125,209.1300048828125,20398
2026-08-06 09:43:00-04:00,209.26499938964844,210.34500122070312,209.26499938964844,210.25999450683594,9875
2026-08-06 09:44:00-04:00,210.25999450683594,210.3699951171875,209.1999969482422,209.89999389648438,5816
2026-08-06 09:45:00-04:00,209.8249969482422,211.39999389648438,209.82000732421875,210.67999267578125,7583
2026-08-06 09:46:00-04:00,211.22999572753906,211.39999389648438,209.73500061035156,211.39999389648438,7775
2026-08-06 09:47:00-04:00,211.55999755859375,213.49989318847656,211.1199951171875,212.5,9877
2026-08-06 09:48:00-04:00,212.8699951171875,212.8699951171875,210.9824981689453,211.08999633789062,6027
2026-08-06 09:49:00-04:00,211.61000061035156,212.47999572753906,211.08999633789062,212.47999572753906,5263
2026-08-06 09:50:00-04:00,212.38999938964844,213.1699981689453,211.64999389648438,212.64999389648438,9502
2026-08-06 09:51:00-04:00,212.0399932861328,212.625,210.44000244140625,211.1649932861328,4576
2026-08-06 09:52:00-04:00,211.1649932861328,212.02999877929688,211.11000061035156,211.1199951171875,4480
2026-08-06 09:53:00-04:00,211.11000061035156,211.11000061035156,209.72000122070312,210.38999938964844,10651
2026-08-06 09:54:00-04:00,210.39999389648438,210.86000061035156,209.72000122070312,210.1199951171875,11049
2026-08-06 09:55:00-04:00,210.2449951171875,210.74000549316406,209.63999938964844,210.2550048828125,3407
2026-08-06 09:56:00-04:00,210.75,211.39810180664062,210.27000427246094,211.39810180664062,10432
2026-08-06 09:57:00-04:00,210.9949951171875,211.75,210.9949951171875,211.42999267578125,10282
2026-08-06 09:58:00-04:00,211.44000244140625,212.5800018310547,211.44000244140625,212.5800018310547,15915
2026-08-06 09:59:00-04:00,212.0749969482422,212.57000732421875,211.06219482421875,211.7899932861328,10256
2026-08-06 10:00:00-04:00,212.4499969482422,212.60000610351562,211.0,211.49000549316406,16624
2026-08-06 10:01:00-04:00,211.9499969482422,212.25999450683594,211.44500732421875,211.4499969482422,9605
2026-08-06 10:02:00-04:00,211.46499633789062,211.82000732421875,211.28500366210938,211.28500366210938,6155
2026-08-06 10:03:00-04:00,211.46499633789062,211.46499633789062,209.75,210.0675048828125,9506
2026-08-06 10:04:00-04:00,210.0749969482422,211.4199981689453,210.0749969482422,211.1425018310547,4983
2026-08-06 10:05:00-04:00,211.4199981689453,212.8800048828125,211.1750030517578,212.6300048828125,11014
2026-08-06 10:06:00-04:00,212.6300048828125,213.4250030517578,212.625,213.4250030517578,9918
2026-08-06 10:07:00-04:00,213.91000366210938,214.8800048828125,213.5800018310547,214.75,18819
2026-08-06 10:08:00-04:00,214.75,215.74969482421875,214.75,215.71499633789062,23714
2026-08-06 10:09:00-04:00,215.9499969482422,216.97999572753906,215.66000366210938,215.90499877929688,41745
2026-08-06 10:10:00-04:00,215.5500030517578,215.81759643554688,214.4976043701172,214.4976043701172,15592
2026-08-06 10:11:00-04:00,215.19000244140625,215.8000030517578,215.0500030517578,215.77000427246094,4744
2026-08-06 10:12:00-04:00,215.34500122070312,215.49490356445312,214.4774932861328,214.77999877929688,5822
2026-08-06 10:13:00-04:00,214.72000122070312,215.77000427246094,214.72000122070312,215.53500366210938,10338
2026-08-06 10:14:00-04:00,215.19000244140625,215.41470336914062,213.64999389648438,213.64999389648438,7544
2026-08-06 10:15:00-04:00,213.85000610351562,214.83999633789062,213.61000061035156,214.11000061035156,17075
2026-08-06 10:16:00-04:00,214.11000061035156,214.69000244140625,213.61000061035156,214.69000244140625,27099
2026-08-06 10:17:00-04:00,214.2449951171875,215.8009033203125,213.97000122070312,215.6999969482422,17444
2026-08-06 10:18:00-04:00,215.07000732421875,215.5507049560547,214.32000732421875,215.08009338378906,6416
2026-08-06 10:19:00-04:00,215.18499755859375,215.35000610351562,214.52000427246094,214.82049560546875,19879
2026-08-06 10:20:00-04:00,214.5,215.6699981689453,214.48899841308594,214.55999755859375,13975
2026-08-06 10:21:00-04:00,214.55999755859375,215.1199951171875,213.7899932861328,214.15499877929688,5998
2026-08-06 10:22:00-04:00,214.14999389648438,215.3300018310547,214.11000061035156,215.3300018310547,10231
2026-08-06 10:23:00-04:00,215.33999633789062,216.0,215.00999450683594,215.74989318847656,15620
2026-08-06 10:24:00-04:00,215.24000549316406,215.8800048828125,214.8300018310547,214.8350067138672,7676
2026-08-06 10:25:00-04:00,215.0,215.0,214.8350067138672,214.84500122070312,2706
2026-08-06 10:26:00-04:00,215.39500427246094,215.39999389648438,214.02000427246094,214.7100067138672,5034
2026-08-06 10:27:00-04:00,214.7100067138672,214.79310607910156,214.02000427246094,214.79310607910156,4093
2026-08-06 10:28:00-04:00,214.49000549316406,215.5800018310547,214.49000549316406,215.5800018310547,11704
2026-08-06 10:29:00-04:00,215.38499450683594,215.38499450683594,214.4199981689453,214.4199981689453,4157
2026-08-06 10:30:00-04:00,215.49000549316406,215.85000610351562,214.51010131835938,215.22999572753906,4688
2026-08-06 10:31:00-04:00,215.27499389648438,215.27499389648438,213.85000610351562,213.85000610351562,8027
2026-08-06 10:32:00-04:00,214.44000244140625,215.47500610351562,214.44000244140625,215.44000244140625,8206
2026-08-06 10:33:00-04:00,215.27999877929688,216.1999969482422,215.11000061035156,215.8800048828125,8848
2026-08-06 10:34:00-04:00,215.8800048828125,216.36000061035156,215.08999633789062,215.2550048828125,6337
2026-08-06 10:35:00-04:00,215.07000732421875,215.4600067138672,215.07000732421875,215.4600067138672,4084
2026-08-06 10:36:00-04:00,215.7899932861328,216.64990234375,215.32470703125,215.32470703125,5308
2026-08-06 10:37:00-04:00,215.5500030517578,215.5500030517578,213.8000030517578,214.09750366210938,6873
2026-08-06 10:38:00-04:00,214.125,214.49000549316406,212.35000610351562,212.92999267578125,11459
2026-08-06 10:39:00-04:00,212.41000366210938,212.97000122070312,211.476806640625,211.7100067138672,21162
2026-08-06 10:40:00-04:00,211.7100067138672,212.25,211.4199981689453,211.97999572753906,18395
2026-08-06 10:41:00-04:00,212.27999877929688,212.75999450683594,211.7899932861328,212.60000610351562,6453
2026-08-06 10:42:00-04:00,212.4499969482422,213.0,212.1999969482422,212.5,5360
2026-08-06 10:43:00-04:00,212.2100067138672,212.97000122070312,211.92999267578125,212.48500061035156,17899
2026-08-06 10:44:00-04:00,212.11099243164062,212.94000244140625,211.89999389648438,212.28500366210938,28418
2026-08-06 10:45:00-04:00,212.2675018310547,212.2675018310547,211.5,211.625,16099
2026-08-06 10:46:00-04:00,211.60000610351562,211.61000061035156,210.03050231933594,210.0399932861328,13005
2026-08-06 10:47:00-04:00,210.8699951171875,211.47250366210938,210.0399932861328,211.47250366210938,13114
2026-08-06 10:48:00-04:00,211.53500366210938,212.0500030517578,211.05999755859375,211.3000030517578,4885
2026-08-06 10:49:00-04:00,211.14999389648438,211.57000732421875,210.97000122070312,211.1999969482422,3735
2026-08-06 10:50:00-04:00,210.72349548339844,211.30999755859375,210.72349548339844,211.21499633789062,5746
2026-08-06 10:51:00-04:00,211.66000366210938,211.7100067138672,210.72999572753906,211.0850067138672,2879
2026-08-06 10:52:00-04:00,211.0850067138672,212.39999389648438,211.0850067138672,211.8000030517578,18477
2026-08-06 10:53:00-04:00,212.07000732421875,212.07000732421875,211.64999389648438,211.7899932861328,4467
2026-08-06 10:54:00-04:00,211.50999450683594,212.15750122070312,211.06500244140625,212.15750122070312,4814
2026-08-06 10:55:00-04:00,212.44000244140625,212.72000122070312,212.0,212.3000030517578,9507
2026-08-06 10:56:00-04:00,212.00999450683594,213.22999572753906,212.00999450683594,213.1999969482422,3337
2026-08-06 10:57:00-04:00,213.5,213.9199981689453,213.14500427246094,213.6999969482422,6539
2026-08-06 10:58:00-04:00,213.28500366210938,213.3800048828125,213.27000427246094,213.27000427246094,1223
2026-08-06 10:59:00-04:00,213.52999877929688,213.69459533691406,213.4499969482422,213.5,3127
2026-08-06 11:00:00-04:00,213.97000122070312,214.8800048828125,213.59500122070312,214.25,10398
2026-08-06 11:01:00-04:00,214.0800018310547,215.14999389648438,214.00230407714844,215.14999389648438,5376
2026-08-06 11:02:00-04:00,215.16000366210938,215.4250030517578,215.16000366210938,215.4250030517578,3960
2026-08-06 11:03:00-04:00,215.48129272460938,215.48129272460938,214.24000549316406,214.24000549316406,4901
2026-08-06 11:04:00-04:00,214.40499877929688,214.4149932861328,214.40499877929688,214.4149932861328,792
2026-08-06 11:05:00-04:00,214.67999267578125,214.67999267578125,213.27999877929688,213.85000610351562,9513
2026-08-06 11:06:00-04:00,214.6199951171875,214.85000610351562,214.19000244140625,214.4373016357422,2938
2026-08-06 11:07:00-04:00,213.76109313964844,216.50999450683594,213.76109313964844,216.05999755859375,9470
2026-08-06 11:08:00-04:00,216.0050048828125,216.25,215.52000427246094,215.52999877929688,5431
2026-08-06 11:09:00-04:00,215.52000427246094,216.97000122070312,215.52000427246094,216.89999389648438,11971
2026-08-06 11:10:00-04:00,216.5399932861328,218.34500122070312,216.5,218.02999877929688,23399
2026-08-06 11:11:00-04:00,218.27999877929688,219.5,217.377197265625,218.28750610351562,26467
2026-08-06 11:12:00-04:00,218.02499389648438,218.02499389648438,216.42999267578125,216.66000366210938,4678
2026-08-06 11:13:00-04:00,216.38999938964844,217.25,215.88999938964844,216.72999572753906,8272
2026-08-06 11:14:00-04:00,215.86000061035156,215.86000061035156,215.14999389648438,215.47500610351562,6926
2026-08-06 11:15:00-04:00,216.0,216.30999755859375,216.0,216.1999969482422,1919
2026-08-06 11:16:00-04:00,216.75999450683594,217.04580688476562,216.46499633789062,216.77499389648438,12096
2026-08-06 11:17:00-04:00,216.96499633789062,217.47039794921875,216.60000610351562,217.17140197753906,3277
2026-08-06 11:18:00-04:00,216.60000610351562,217.0,216.110107421875,217.0,10161
2026-08-06 11:19:00-04:00,216.88999938964844,217.2799072265625,214.75,214.75,5234
2026-08-06 11:20:00-04:00,214.98500061035156,215.77999877929688,214.98500061035156,215.50999450683594,3509
2026-08-06 11:21:00-04:00,215.4550018310547,215.82000732421875,215.2899932861328,215.7100067138672,5415
2026-08-06 11:22:00-04:00,215.30999755859375,216.0399932861328,215.30999755859375,215.7899932861328,2004
2026-08-06 11:23:00-04:00,215.30999755859375,215.8000030517578,215.30999755859375,215.76499938964844,4360
2026-08-06 11:24:00-04:00,216.13999938964844,216.13999938964844,215.8800048828125,216.13999938964844,815
2026-08-06 11:25:00-04:00,216.13999938964844,216.55239868164062,215.91000366210938,216.39500427246094,3766
2026-08-06 11:26:00-04:00,216.28709411621094,216.9600067138672,215.92359924316406,215.92359924316406,4796
2026-08-06 11:27:00-04:00,216.125,216.22000122070312,215.8249969482422,215.8249969482422,3885
2026-08-06 11:28:00-04:00,215.9499969482422,216.085205078125,215.8350067138672,215.9550018310547,3072
2026-08-06 11:29:00-04:00,215.9550018310547,216.4199981689453,215.5800018310547,215.9550018310547,2529
2026-08-06 11:30:00-04:00,216.08999633789062,216.6699981689453,216.08999633789062,216.47000122070312,7000
2026-08-06 11:31:00-04:00,216.1699981689453,216.8300018310547,216.1199951171875,216.45750427246094,3327
2026-08-06 11:32:00-04:00,216.11000061035156,216.3300018310547,215.85000610351562,216.2100067138672,2501
2026-08-06 11:33:00-04:00,215.8300018310547,215.8800048828125,215.24000549316406,215.64500427246094,7455
2026-08-06 11:34:00-04:00,215.63999938964844,215.63999938964844,215.1649932861328,215.1750030517578,2916
2026-08-06 11:35:00-04:00,215.02999877929688,215.33079528808594,214.6999969482422,215.25750732421875,6875
2026-08-06 11:36:00-04:00,215.23500061035156,215.61000061035156,214.83999633789062,215.15499877929688,2024
2026-08-06 11:37:00-04:00,214.82000732421875,214.82000732421875,214.0019989013672,214.7550048828125,4672
2026-08-06 11:38:00-04:00,214.5,214.91839599609375,214.3699951171875,214.7949981689453,2624
2026-08-06 11:39:00-04:00,214.5,215.0950927734375,214.5,214.84500122070312,8823
2026-08-06 11:40:00-04:00,214.5800018310547,215.38999938964844,214.41000366210938,215.25,6998
2026-08-06 11:41:00-04:00,215.2550048828125,215.61639404296875,215.17999267578125,215.17999267578125,2639
2026-08-06 11:42:00-04:00,215.3800048828125,215.3800048828125,214.8699951171875,214.8699951171875,2932
2026-08-06 11:43:00-04:00,215.1699981689453,215.1699981689453,214.1300048828125,214.36000061035156,4266
2026-08-06 11:44:00-04:00,214.4499969482422,214.64999389648438,214.07000732421875,214.14999389648438,6257
2026-08-06 11:45:00-04:00,214.22000122070312,214.72500610351562,214.14999389648438,214.67999267578125,947
2026-08-06 11:46:00-04:00,214.65499877929688,214.80499267578125,214.65499877929688,214.80499267578125,6139
2026-08-06 11:47:00-04:00,215.5850067138672,215.5850067138672,215.5850067138672,215.5850067138672,573
2026-08-06 11:48:00-04:00,215.6999969482422,217.36000061035156,215.6999969482422,217.36000061035156,6614
2026-08-06 11:49:00-04:00,217.30999755859375,217.6649932861328,217.27999877929688,217.27999877929688,5940
2026-08-06 11:50:00-04:00,217.77110290527344,218.5399932861328,217.77110290527344,217.82000732421875,8251
2026-08-06 11:51:00-04:00,217.50999450683594,217.57000732421875,216.91000366210938,217.24000549316406,3061
2026-08-06 11:52:00-04:00,216.92999267578125,217.02000427246094,216.57000732421875,216.63999938964844,6172
2026-08-06 11:53:00-04:00,216.4853057861328,216.5800018310547,215.72999572753906,215.75999450683594,4795
2026-08-06 11:54:00-04:00,216.26499938964844,216.29249572753906,216.26499938964844,216.26499938964844,1380
2026-08-06 11:55:00-04:00,215.74000549316406,216.42999267578125,215.74000549316406,216.42999267578125,760
2026-08-06 11:56:00-04:00,216.11500549316406,216.1566925048828,216.11500549316406,216.1566925048828,4323
2026-08-06 11:57:00-04:00,216.375,216.375,216.19000244140625,216.19000244140625,1265
2026-08-06 11:58:00-04:00,216.05999755859375,216.3800048828125,216.0,216.3800048828125,2599
2026-08-06 11:59:00-04:00,216.07000732421875,216.0800018310547,215.16000366210938,215.17999267578125,1544
2026-08-06 12:00:00-04:00,215.39999389648438,215.39999389648438,214.7100067138672,214.7100067138672,5567
2026-08-06 12:01:00-04:00,214.47000122070312,214.47000122070312,213.22799682617188,213.75,8422
2026-08-06 12:02:00-04:00,213.75,214.00010681152344,213.75,213.93499755859375,3179
2026-08-06 12:03:00-04:00,213.93499755859375,213.93499755859375,213.75,213.93499755859375,3192
2026-08-06 12:04:00-04:00,213.75,214.11000061035156,213.32000732421875,213.36000061035156,2142
2026-08-06 12:05:00-04:00,213.6699981689453,214.13999938964844,213.5399932861328,213.84500122070312,5096
2026-08-06 12:06:00-04:00,213.9199981689453,214.4600067138672,213.9199981689453,214.4600067138672,4447
2026-08-06 12:07:00-04:00,215.0449981689453,215.19000244140625,215.0,215.01010131835938,2225
2026-08-06 12:08:00-04:00,215.27499389648438,215.27499389648438,215.0,215.07000732421875,2000
2026-08-06 12:09:00-04:00,214.6925048828125,214.75509643554688,214.5507049560547,214.60000610351562,1115
2026-08-06 12:10:00-04:00,214.76499938964844,215.5,214.74000549316406,215.5,1715
2026-08-06 12:11:00-04:00,214.97999572753906,214.98500061035156,214.4499969482422,214.49000549316406,1945
2026-08-06 12:12:00-04:00,214.19000244140625,214.5050048828125,214.10000610351562,214.5050048828125,1228
2026-08-06 12:13:00-04:00,214.05999755859375,214.75770568847656,213.63999938964844,213.63999938964844,4449
2026-08-06 12:14:00-04:00,213.75999450683594,213.75999450683594,212.6300048828125,212.72999572753906,4665
2026-08-06 12:15:00-04:00,213.1199951171875,213.19000244140625,212.69590759277344,212.91000366210938,4583
2026-08-06 12:16:00-04:00,212.80999755859375,213.1999969482422,212.5,212.83999633789062,5227
2026-08-06 12:17:00-04:00,212.94000244140625,212.94000244140625,212.60000610351562,212.87750244140625,1495
2026-08-06 12:18:00-04:00,212.6199951171875,213.0,212.55999755859375,212.75999450683594,3743
2026-08-06 12:19:00-04:00,212.75999450683594,212.85000610351562,212.5800018310547,212.72000122070312,3333
2026-08-06 12:20:00-04:00,212.6300048828125,212.74000549316406,211.83880615234375,211.83880615234375,4867
2026-08-06 12:21:00-04:00,212.02499389648438,212.49000549316406,212.02499389648438,212.49000549316406,2369
2026-08-06 12:22:00-04:00,212.19000244140625,212.49000549316406,211.86000061035156,211.86000061035156,3439
2026-08-06 12:23:00-04:00,212.02999877929688,212.02999877929688,211.56100463867188,211.78500366210938,5752
2026-08-06 12:24:00-04:00,211.658203125,211.86000061035156,211.1999969482422,211.86000061035156,16151
2026-08-06 12:25:00-04:00,212.2899932861328,213.32000732421875,212.2899932861328,212.875,8094
2026-08-06 12:26:00-04:00,212.7949981689453,212.8000030517578,212.47250366210938,212.47250366210938,4657
2026-08-06 12:27:00-04:00,212.47000122070312,212.6824951171875,212.29010009765625,212.6824951171875,2569
2026-08-06 12:28:00-04:00,213.01300048828125,213.01300048828125,212.3000030517578,212.52999877929688,4916
2026-08-06 12:29:00-04:00,212.5301055908203,212.5301055908203,212.2899932861328,212.2899932861328,3064
2026-08-06 12:30:00-04:00,212.19000244140625,212.6699981689453,212.19000244140625,212.58999633789062,2612
2026-08-06 12:31:00-04:00,212.5850067138672,212.5850067138672,212.4499969482422,212.5850067138672,2229
2026-08-06 12:32:00-04:00,212.5850067138672,212.85000610351562,212.14999389648438,212.39500427246094,4959
2026-08-06 12:33:00-04:00,212.14999389648438,212.14999389648438,211.5500030517578,211.9600067138672,2133
2026-08-06 12:34:00-04:00,211.63499450683594,211.97500610351562,211.60000610351562,211.60000610351562,3885
2026-08-06 12:35:00-04:00,211.76499938964844,211.80999755859375,211.5500946044922,211.61000061035156,4536
2026-08-06 12:36:00-04:00,211.77999877929688,212.889892578125,211.77999877929688,212.41250610351562,6178
2026-08-06 12:37:00-04:00,212.55999755859375,213.0850067138672,212.55999755859375,213.0850067138672,2633
2026-08-06 12:38:00-04:00,212.875,213.35000610351562,212.875,212.9250030517578,2818
2026-08-06 12:39:00-04:00,212.9250030517578,213.39999389648438,212.9250030517578,213.39999389648438,3372
2026-08-06 12:40:00-04:00,213.98989868164062,213.98989868164062,213.5399932861328,213.5500030517578,3061
2026-08-06 12:41:00-04:00,213.5449981689453,213.99000549316406,212.85000610351562,212.85000610351562,2413
2026-08-06 12:42:00-04:00,213.3249969482422,213.88999938964844,212.72000122070312,213.6699981689453,4906
2026-08-06 12:43:00-04:00,213.6699981689453,213.6699981689453,213.6699981689453,213.6699981689453,1885
2026-08-06 12:44:00-04:00,213.92999267578125,213.92999267578125,213.19000244140625,213.38499450683594,4439
2026-08-06 12:45:00-04:00,213.38999938964844,213.5500030517578,213.0500030517578,213.5500030517578,1710
2026-08-06 12:46:00-04:00,213.38999938964844,213.40499877929688,212.9449005126953,213.22999572753906,4256
2026-08-06 12:47:00-04:00,212.97500610351562,213.50990295410156,212.7281951904297,213.16749572753906,2581
2026-08-06 12:48:00-04:00,213.10499572753906,213.97999572753906,213.10499572753906,213.39500427246094,2661
2026-08-06 12:49:00-04:00,213.6199951171875,213.99000549316406,213.6199951171875,213.80250549316406,2579
2026-08-06 12:50:00-04:00,213.80499267578125,213.80499267578125,213.38499450683594,213.38499450683594,1752
2026-08-06 12:51:00-04:00,213.67999267578125,213.67999267578125,213.67999267578125,213.67999267578125,541
2026-08-06 12:52:00-04:00,213.97999572753906,214.72999572753906,213.8000030517578,214.72999572753906,4744
2026-08-06 12:53:00-04:00,214.4600067138672,214.72999572753906,213.92999267578125,213.97999572753906,4495
2026-08-06 12:54:00-04:00,214.19000244140625,214.19000244140625,213.75999450683594,213.75999450683594,1579
2026-08-06 12:55:00-04:00,213.76499938964844,214.25,213.6300048828125,214.25,2768
2026-08-06 12:56:00-04:00,213.89500427246094,213.9550018310547,213.89500427246094,213.9550018310547,1700
2026-08-06 12:57:00-04:00,214.33999633789062,214.33999633789062,214.33999633789062,214.33999633789062,287
2026-08-06 12:58:00-04:00,214.03500366210938,214.3625030517578,214.03500366210938,214.3625030517578,2139
2026-08-06 12:59:00-04:00,214.47999572753906,214.64999389648438,214.4199981689453,214.4250030517578,2225
2026-08-06 13:00:00-04:00,214.89999389648438,215.02999877929688,214.5800018310547,214.8249969482422,6507
2026-08-06 13:01:00-04:00,215.02000427246094,215.15499877929688,214.8249969482422,214.94000244140625,4453
2026-08-06 13:02:00-04:00,214.94000244140625,215.0,214.7949981689453,214.8249969482422,1915
2026-08-06 13:03:00-04:00,214.84500122070312,214.95530700683594,214.51499938964844,214.64999389648438,4957
2026-08-06 13:04:00-04:00,214.72000122070312,214.76499938964844,214.72000122070312,214.76499938964844,1570
2026-08-06 13:05:00-04:00,214.5500030517578,215.3300018310547,214.5500030517578,215.3300018310547,5225
2026-08-06 13:06:00-04:00,215.02999877929688,215.02999877929688,214.60560607910156,214.60560607910156,811
2026-08-06 13:07:00-04:00,215.3000030517578,215.3000030517578,214.91000366210938,215.07000732421875,3521
2026-08-06 13:08:00-04:00,214.8300018310547,215.27999877929688,214.8300018310547,214.83999633789062,3222
2026-08-06 13:09:00-04:00,215.19000244140625,215.19000244140625,215.19000244140625,215.19000244140625,1460
2026-08-06 13:10:00-04:00,215.2550048828125,215.25999450683594,215.21499633789062,215.25999450683594,2604
2026-08-06 13:11:00-04:00,215.25999450683594,215.2899932861328,214.64999389648438,214.64999389648438,6683
2026-08-06 13:12:00-04:00,214.61000061035156,215.27999877929688,214.57000732421875,215.27999877929688,2842
2026-08-06 13:13:00-04:00,214.83999633789062,214.83999633789062,213.90040588378906,213.90040588378906,2492
2026-08-06 13:14:00-04:00,215.0,215.0,213.72000122070312,213.99000549316406,3252
2026-08-06 13:15:00-04:00,213.58999633789062,213.58999633789062,213.24000549316406,213.4250030517578,2265
2026-08-06 13:16:00-04:00,213.36000061035156,213.8000030517578,213.24009704589844,213.8000030517578,5715
2026-08-06 13:17:00-04:00,213.98809814453125,214.01499938964844,213.73500061035156,213.9499969482422,3229
2026-08-06 13:18:00-04:00,213.9250030517578,213.9250030517578,213.9250030517578,213.9250030517578,899
2026-08-06 13:19:00-04:00,213.74000549316406,214.25999450683594,213.74000549316406,214.0050048828125,6821
2026-08-06 13:20:00-04:00,214.47000122070312,215.02000427246094,214.47000122070312,215.02000427246094,1232
2026-08-06 13:21:00-04:00,214.7050018310547,214.78250122070312,214.35000610351562,214.35000610351562,4783
2026-08-06 13:22:00-04:00,214.5749969482422,214.5749969482422,213.89999389648438,213.9499969482422,1842
2026-08-06 13:23:00-04:00,213.89999389648438,214.2449951171875,213.75999450683594,214.2449951171875,652
2026-08-06 13:24:00-04:00,214.19000244140625,214.1999969482422,213.58999633789062,213.8155975341797,2713
2026-08-06 13:25:00-04:00,213.60499572753906,214.25,213.60499572753906,214.25,1683
2026-08-06 13:26:00-04:00,213.75,214.6999969482422,213.75,213.83999633789062,927
2026-08-06 13:27:00-04:00,213.75,214.1750030517578,213.75,214.1750030517578,1719
2026-08-06 13:28:00-04:00,214.3800048828125,214.5,213.93499755859375,213.93499755859375,8764
2026-08-06 13:29:00-04:00,214.06500244140625,214.07000732421875,214.06500244140625,214.06500244140625,2182
2026-08-06 13:30:00-04:00,214.0,214.0,213.72999572753906,213.72999572753906,671
2026-08-06 13:31:00-04:00,214.11000061035156,214.15499877929688,213.86000061035156,214.15499877929688,2962
2026-08-06 13:32:00-04:00,214.13999938964844,214.1699981689453,214.13999938964844,214.1649932861328,1596
2026-08-06 13:33:00-04:00,213.88499450683594,213.88499450683594,213.75,213.75,1279
2026-08-06 13:34:00-04:00,213.75010681152344,214.0928955078125,213.75,214.0928955078125,2093
2026-08-06 13:35:00-04:00,213.77000427246094,213.875,213.5500030517578,213.5500030517578,3312
2026-08-06 13:36:00-04:00,213.4499969482422,213.55999755859375,213.29010009765625,213.47000122070312,2676
2026-08-06 13:37:00-04:00,213.47000122070312,213.64999389648438,213.47000122070312,213.57000732421875,4246
2026-08-06 13:38:00-04:00,213.57749938964844,213.75990295410156,213.35000610351562,213.75990295410156,2052
2026-08-06 13:39:00-04:00,213.74000549316406,213.74000549316406,213.13999938964844,213.13999938964844,2036
2026-08-06 13:40:00-04:00,213.1300048828125,213.38999938964844,213.0800018310547,213.10000610351562,2636
2026-08-06 13:41:00-04:00,212.6199951171875,212.875,212.55999755859375,212.57000732421875,3305
2026-08-06 13:42:00-04:00,212.6199951171875,212.6199951171875,212.24000549316406,212.25,3351
2026-08-06 13:43:00-04:00,212.30999755859375,212.30999755859375,212.24000549316406,212.2899932861328,1081
2026-08-06 13:44:00-04:00,212.2899932861328,212.2899932861328,212.1999969482422,212.1999969482422,1740
2026-08-06 13:45:00-04:00,212.1199951171875,212.44000244140625,212.1199951171875,212.2100067138672,1453
2026-08-06 13:46:00-04:00,212.41000366210938,212.83999633789062,212.25,212.83999633789062,11706
2026-08-06 13:47:00-04:00,212.9499969482422,212.99000549316406,212.6199951171875,212.65499877929688,4737
2026-08-06 13:48:00-04:00,212.52999877929688,212.52999877929688,212.52999877929688,212.52999877929688,704
2026-08-06 13:49:00-04:00,212.5399932861328,212.98829650878906,212.5399932861328,212.67999267578125,2700
2026-08-06 13:50:00-04:00,212.78500366210938,212.88999938964844,212.65029907226562,212.65029907226562,5649
2026-08-06 13:51:00-04:00,212.6699981689453,213.44000244140625,212.6699981689453,213.25990295410156,4787
2026-08-06 13:52:00-04:00,213.36500549316406,213.36500549316406,213.36500549316406,213.36500549316406,441
2026-08-06 13:53:00-04:00,213.47000122070312,213.47000122070312,213.19000244140625,213.19000244140625,1576
2026-08-06 13:54:00-04:00,213.02000427246094,213.22000122070312,213.0,213.0,746
2026-08-06 13:55:00-04:00,213.22000122070312,213.5,213.22000122070312,213.3000946044922,3286
2026-08-06 13:56:00-04:00,213.66000366210938,213.66000366210938,213.19500732421875,213.19500732421875,1829
2026-08-06 13:57:00-04:00,213.0399932861328,213.75999450683594,213.0399932861328,213.44000244140625,4007
2026-08-06 13:58:00-04:00,213.9199981689453,213.93499755859375,213.9199981689453,213.93499755859375,1179
2026-08-06 13:59:00-04:00,213.9499969482422,214.10000610351562,213.9499969482422,214.10000610351562,2449
2026-08-06 14:00:00-04:00,214.10000610351562,214.27000427246094,213.8300018310547,214.1699981689453,7490
2026-08-06 14:01:00-04:00,213.85000610351562,214.00999450683594,213.50999450683594,213.97000122070312,3008
2026-08-06 14:02:00-04:00,213.69000244140625,213.97000122070312,213.5500030517578,213.5800018310547,3704
2026-08-06 14:03:00-04:00,213.5500030517578,213.61000061035156,213.0800018310547,213.27499389648438,3699
2026-08-06 14:04:00-04:00,213.05999755859375,213.05999755859375,212.27000427246094,212.5800018310547,6319
2026-08-06 14:05:00-04:00,213.39999389648438,213.39999389648438,212.89500427246094,212.89500427246094,1889
2026-08-06 14:06:00-04:00,212.38999938964844,212.94500732421875,212.38999938964844,212.94500732421875,658
2026-08-06 14:07:00-04:00,212.60000610351562,213.06500244140625,212.60000610351562,213.06500244140625,1775
2026-08-06 14:08:00-04:00,212.7899932861328,213.05999755859375,212.75,213.05999755859375,1876
2026-08-06 14:09:00-04:00,212.77000427246094,213.05999755859375,212.4949951171875,213.05999755859375,6837
2026-08-06 14:10:00-04:00,212.9600067138672,213.39999389648438,212.9600067138672,213.1750030517578,10755
2026-08-06 14:11:00-04:00,213.1750030517578,213.38009643554688,213.13499450683594,213.13499450683594,9437
2026-08-06 14:12:00-04:00,213.1999969482422,213.2550048828125,213.19500732421875,213.2550048828125,5000
2026-08-06 14:13:00-04:00,213.2899932861328,213.3300018310547,213.2899932861328,213.3300018310547,1004
2026-08-06 14:14:00-04:00,213.2899932861328,213.35000610351562,213.19000244140625,213.35000610351562,4569
2026-08-06 14:15:00-04:00,213.2899932861328,213.52999877929688,213.17999267578125,213.38999938964844,5343
2026-08-06 14:16:00-04:00,213.1699981689453,214.47999572753906,211.7100067138672,213.59500122070312,37358
2026-08-06 14:17:00-04:00,213.7100067138672,213.7100067138672,213.7100067138672,213.7100067138672,201
2026-08-06 14:18:00-04:00,213.94000244140625,214.27999877929688,213.9199981689453,214.23500061035156,3493
2026-08-06 14:19:00-04:00,214.23500061035156,214.23500061035156,213.83009338378906,213.86000061035156,3424
2026-08-06 14:21:00-04:00,213.86000061035156,214.13999938964844,213.86000061035156,214.0800018310547,4160
2026-08-06 14:22:00-04:00,214.09500122070312,214.09500122070312,213.89999389648438,213.9199981689453,2502
2026-08-06 14:23:00-04:00,213.89999389648438,213.97999572753906,213.83999633789062,213.97999572753906,1782
2026-08-06 14:24:00-04:00,213.82000732421875,213.82000732421875,213.55999755859375,213.55999755859375,3548
2026-08-06 14:25:00-04:00,213.81500244140625,213.93499755859375,213.81500244140625,213.93499755859375,1440
2026-08-06 14:26:00-04:00,213.47999572753906,213.60499572753906,212.88999938964844,212.92999267578125,3532
2026-08-06 14:27:00-04:00,212.9199981689453,213.02000427246094,212.5500030517578,212.5500030517578,2687
2026-08-06 14:28:00-04:00,212.5800018310547,213.02000427246094,212.5800018310547,212.5800018310547,1030
2026-08-06 14:29:00-04:00,213.0449981689453,213.0800018310547,213.0449981689453,213.0625,1691
2026-08-06 14:31:00-04:00,213.24000549316406,213.24000549316406,213.00999450683594,213.02000427246094,5312
2026-08-06 14:32:00-04:00,213.10000610351562,213.10000610351562,212.50999450683594,212.50999450683594,1249
2026-08-06 14:33:00-04:00,212.25,212.32000732421875,212.22000122070312,212.30999755859375,3718
2026-08-06 14:34:00-04:00,212.22000122070312,212.22000122070312,211.4199981689453,211.5800018310547,2541
2026-08-06 14:35:00-04:00,211.8249969482422,212.14999389648438,211.8249969482422,212.14999389648438,4499
2026-08-06 14:36:00-04:00,211.82000732421875,212.28500366210938,211.82000732421875,212.28500366210938,5995
2026-08-06 14:37:00-04:00,212.2675018310547,212.28500366210938,211.89999389648438,211.89999389648438,977
2026-08-06 14:38:00-04:00,211.72000122070312,212.0449981689453,211.66000366210938,212.0449981689453,2852
2026-08-06 14:39:00-04:00,212.0449981689453,212.0449981689453,211.80999755859375,212.0399932861328,1574
2026-08-06 14:40:00-04:00,212.02000427246094,212.03500366210938,211.72999572753906,211.9949951171875,2202
2026-08-06 14:41:00-04:00,211.6300048828125,212.0500030517578,211.6300048828125,211.8800048828125,8343
2026-08-06 14:42:00-04:00,211.75999450683594,211.81500244140625,211.53500366210938,211.64999389648438,5114
2026-08-06 14:43:00-04:00,211.65249633789062,212.05999755859375,211.6374969482422,212.0050048828125,3582
2026-08-06 14:44:00-04:00,212.0050048828125,212.19000244140625,212.0050048828125,212.00999450683594,570
2026-08-06 14:45:00-04:00,212.0928955078125,212.2899932861328,211.75999450683594,212.25950622558594,4545
2026-08-06 14:46:00-04:00,212.8000030517578,212.8000030517578,212.69000244140625,212.69000244140625,1602
2026-08-06 14:47:00-04:00,212.69000244140625,212.89999389648438,212.47000122070312,212.47000122070312,3409
2026-08-06 14:48:00-04:00,212.64500427246094,212.8000030517578,212.3699951171875,212.3699951171875,2343
2026-08-06 14:49:00-04:00,212.3800048828125,212.7899932861328,212.2899932861328,212.47999572753906,2401
2026-08-06 14:50:00-04:00,212.5800018310547,212.58999633789062,212.41000366210938,212.58999633789062,3174
2026-08-06 14:51:00-04:00,212.58999633789062,212.69500732421875,212.27000427246094,212.43499755859375,3538
2026-08-06 14:53:00-04:00,212.53500366210938,212.53500366210938,212.2100067138672,212.2100067138672,1006
2026-08-06 14:54:00-04:00,212.22999572753906,212.27999877929688,212.1999969482422,212.1999969482422,1090
2026-08-06 14:55:00-04:00,212.17999267578125,212.28500366210938,212.17999267578125,212.2100067138672,1843
2026-08-06 14:56:00-04:00,212.35000610351562,212.4499969482422,212.35000610351562,212.4499969482422,2540
2026-08-06 14:57:00-04:00,212.44500732421875,212.4499969482422,212.35000610351562,212.4499969482422,1635
2026-08-06 14:58:00-04:00,212.5,212.7100067138672,212.47000122070312,212.5,4589
2026-08-06 14:59:00-04:00,212.5,212.5,212.44500732421875,212.44500732421875,871
2026-08-06 15:00:00-04:00,212.60000610351562,213.2050018310547,212.47500610351562,212.67999267578125,11625
2026-08-06 15:01:00-04:00,212.67999267578125,213.38999938964844,212.67999267578125,213.2624969482422,6088
2026-08-06 15:02:00-04:00,213.27999877929688,213.5,213.18280029296875,213.43499755859375,5379
2026-08-06 15:03:00-04:00,213.1999969482422,213.73890686035156,213.17999267578125,213.73890686035156,1440
2026-08-06 15:04:00-04:00,213.1300048828125,213.5,212.85000610351562,212.85000610351562,29766
2026-08-06 15:05:00-04:00,212.67999267578125,212.6999969482422,212.27000427246094,212.30999755859375,8289
2026-08-06 15:06:00-04:00,212.47000122070312,212.87989807128906,212.32000732421875,212.87989807128906,4228
2026-08-06 15:07:00-04:00,212.1300048828125,212.2100067138672,211.8000030517578,212.2100067138672,4617
2026-08-06 15:08:00-04:00,212.21499633789062,213.0399932861328,212.21499633789062,213.02999877929688,4813
2026-08-06 15:09:00-04:00,212.99000549316406,212.99000549316406,212.61000061035156,212.72999572753906,1795
2026-08-06 15:10:00-04:00,212.90499877929688,212.90499877929688,212.64999389648438,212.67999267578125,1083
2026-08-06 15:11:00-04:00,212.86500549316406,213.0998992919922,212.8000030517578,212.8000030517578,4856
2026-08-06 15:12:00-04:00,212.84500122070312,213.1999969482422,212.64999389648438,212.9600067138672,4647
2026-08-06 15:13:00-04:00,212.74000549316406,212.74000549316406,212.2100067138672,212.27999877929688,2449
2026-08-06 15:14:00-04:00,211.97000122070312,211.97000122070312,211.802001953125,211.802001953125,1148
2026-08-06 15:15:00-04:00,211.8000030517578,211.9600067138672,211.72999572753906,211.72999572753906,2429
2026-08-06 15:16:00-04:00,211.5399932861328,211.55999755859375,211.5399932861328,211.5500030517578,771
2026-08-06 15:17:00-04:00,211.55999755859375,211.67999267578125,211.5500030517578,211.67999267578125,1663
2026-08-06 15:18:00-04:00,211.69000244140625,211.6999969482422,211.52000427246094,211.6699981689453,6262
2026-08-06 15:19:00-04:00,211.5399932861328,211.5399932861328,211.2100067138672,211.3300018310547,6172
2026-08-06 15:20:00-04:00,211.53970336914062,211.85000610351562,211.53970336914062,211.67999267578125,7363
2026-08-06 15:21:00-04:00,211.97000122070312,212.1300048828125,211.78500366210938,211.8699951171875,2497
2026-08-06 15:22:00-04:00,211.7572021484375,211.77999877929688,211.5500030517578,211.77999877929688,3549
2026-08-06 15:23:00-04:00,211.71499633789062,211.97000122070312,211.71499633789062,211.81419372558594,3570
2026-08-06 15:24:00-04:00,211.94000244140625,211.94000244140625,211.55999755859375,211.89999389648438,3671
2026-08-06 15:25:00-04:00,211.67999267578125,211.7949981689453,211.60000610351562,211.72999572753906,3481
2026-08-06 15:26:00-04:00,211.8000030517578,211.8000030517578,211.375,211.7100067138672,7474
2026-08-06 15:27:00-04:00,211.97999572753906,212.35000610351562,211.97999572753906,212.35000610351562,7378
2026-08-06 15:28:00-04:00,211.99000549316406,212.110107421875,211.99000549316406,212.110107421875,1898
2026-08-06 15:29:00-04:00,212.4250030517578,212.5399932861328,211.9499969482422,212.5399932861328,4053
2026-08-06 15:30:00-04:00,212.1199951171875,212.47999572753906,211.8800048828125,212.14500427246094,8598
2026-08-06 15:31:00-04:00,212.1199951171875,213.2100067138672,212.1199951171875,212.8350067138672,7672
2026-08-06 15:32:00-04:00,213.0,213.3000030517578,212.44009399414062,212.73500061035156,6704
2026-08-06 15:33:00-04:00,212.97000122070312,212.97000122070312,212.30999755859375,212.30999755859375,4540
2026-08-06 15:34:00-04:00,212.07000732421875,212.91000366210938,211.91009521484375,212.8300018310547,6453
2026-08-06 15:35:00-04:00,213.02000427246094,213.02000427246094,212.6300048828125,212.94000244140625,4058
2026-08-06 15:36:00-04:00,212.52000427246094,212.61000061035156,212.07749938964844,212.11000061035156,3410
2026-08-06 15:37:00-04:00,211.8699951171875,212.08749389648438,211.75010681152344,212.08749389648438,1694
2026-08-06 15:38:00-04:00,212.11000061035156,212.1300048828125,211.67999267578125,211.9600067138672,5234
2026-08-06 15:39:00-04:00,212.1300048828125,212.3800048828125,211.85000610351562,212.05999755859375,5945
2026-08-06 15:40:00-04:00,211.75999450683594,212.02000427246094,211.5500030517578,211.7100067138672,5923
2026-08-06 15:41:00-04:00,211.5399932861328,211.8300018310547,211.4199981689453,211.58999633789062,7392
2026-08-06 15:42:00-04:00,211.5500030517578,211.9600067138672,211.5500030517578,211.55999755859375,5123
2026-08-06 15:43:00-04:00,211.2949981689453,211.3175048828125,210.89999389648438,210.89999389648438,9424
2026-08-06 15:44:00-04:00,210.75,210.97000122070312,210.75,210.77999877929688,4514
2026-08-06 15:45:00-04:00,211.05499267578125,211.5800018310547,210.86000061035156,211.0,25708
2026-08-06 15:46:00-04:00,211.02000427246094,211.02000427246094,210.60000610351562,210.73500061035156,7389
2026-08-06 15:47:00-04:00,210.60000610351562,211.16000366210938,210.50999450683594,210.85000610351562,10701
2026-08-06 15:48:00-04:00,210.66000366210938,210.66000366210938,210.50999450683594,210.51499938964844,4072
2026-08-06 15:49:00-04:00,210.33999633789062,210.52999877929688,210.19000244140625,210.50999450683594,7540
2026-08-06 15:50:00-04:00,210.8300018310547,210.9949951171875,210.37249755859375,210.88499450683594,14534
2026-08-06 15:51:00-04:00,211.17999267578125,211.19000244140625,210.38999938964844,210.8000030517578,16514
2026-08-06 15:52:00-04:00,210.8300018310547,210.8300018310547,208.0,209.84500122070312,70136
2026-08-06 15:53:00-04:00,210.38999938964844,211.75,210.24000549316406,211.57000732421875,24059
2026-08-06 15:54:00-04:00,211.61599731445312,212.78990173339844,211.02999877929688,211.02999877929688,17215
2026-08-06 15:55:00-04:00,211.3000030517578,211.72500610351562,209.88999938964844,209.9949951171875,26015
2026-08-06 15:56:00-04:00,210.25999450683594,211.57699584960938,210.03500366210938,210.99000549316406,24873
2026-08-06 15:57:00-04:00,211.07000732421875,211.57000732421875,210.52000427246094,210.9600067138672,46577
2026-08-06 15:58:00-04:00,210.80999755859375,211.33999633789062,210.7100067138672,211.0500030517578,49292
2026-08-06 15:59:00-04:00,210.74000549316406,211.42999267578125,210.6999969482422,211.42999267578125,101062
2026-08-06 16:00:00-04:00,209.84,211.3,209.73,211.3,0
2026-08-06 16:01:00-04:00,211.0,211.3,210.5,210.51,0
2026-08-06 16:02:00-04:00,210.5,210.89,210.5,210.5,0
2026-08-06 16:04:00-04:00,211.3,211.3,210.2,211.3,0
2026-08-06 16:05:00-04:00,210.35,210.35,210.35,210.35,0
2026-08-06 16:06:00-04:00,210.38,211.0,210.38,211.0,0
2026-08-06 16:09:00-04:00,210.3,210.99,210.3,210.99,0
2026-08-06 16:10:00-04:00,210.4534,211.3,210.4534,211.0,0
2026-08-06 16:11:00-04:00,211.2899,211.2899,211.0,211.2899,0
2026-08-06 16:12:00-04:00,211.0,211.29,211.0,211.0,0
2026-08-06 16:13:00-04:00,210.31,210.451,210.3001,210.3001,0
2026-08-06 16:14:00-04:00,210.4534,211.29,210.4534,211.29,0
2026-08-06 16:15:00-04:00,211.3,211.3,211.3,211.3,0
2026-08-06 16:16:00-04:00,211.29,211.29,211.29,211.29,0
2026-08-06 16:18:00-04:00,210.36,210.94,210.36,210.94,0
2026-08-06 16:19:00-04:00,211.2899,211.2899,211.0,211.2899,0
2026-08-06 16:20:00-04:00,210.94,210.94,210.94,210.94,0
2026-08-06 16:21:00-04:00,211.0,211.0,211.0,211.0,0
2026-08-06 16:22:00-04:00,210.35,210.94,210.35,210.94,0
2026-08-06 16:23:00-04:00,211.29,211.29,210.35,211.0,0
2026-08-06 16:25:00-04:00,210.5,210.5,210.5,210.5,0
2026-08-06 16:26:00-04:00,211.0,211.0,211.0,211.0,0
2026-08-06 16:30:00-04:00,211.29,211.29,211.29,211.29,0
2026-08-06 16:31:00-04:00,210.4534,210.79,210.3,210.3,0
2026-08-06 16:32:00-04:00,211.0,211.0,211.0,211.0,0
2026-08-06 16:34:00-04:00,211.2,211.2,211.2,211.2,0
2026-08-06 16:35:00-04:00,211.17,211.18,210.4458,210.4458,0
2026-08-06 16:36:00-04:00,211.0,211.0,211.0,211.0,0
2026-08-06 16:37:00-04:00,211.1,211.18,211.1,211.18,0
2026-08-06 16:40:00-04:00,211.2652,211.2652,210.5,210.5,0
2026-08-06 16:42:00-04:00,211.0691,211.2899,211.0,211.0,0
2026-08-06 16:45:00-04:00,211.0,211.29,211.0,211.29,0
2026-08-06 16:47:00-04:00,211.19,211.3,211.19,211.3,0
2026-08-06 16:50:00-04:00,211.0,211.0,211.0,211.0,0
2026-08-06 16:51:00-04:00,211.0,211.2499,211.0,211.0,0
2026-08-06 16:52:00-04:00,211.0,211.2499,211.0,211.2499,0
2026-08-06 16:53:00-04:00,211.0,211.25,211.0,211.0,0
2026-08-06 16:54:00-04:00,211.0,211.2499,210.5,210.5,0
2026-08-06 16:55:00-04:00,210.6078,211.0,210.6078,211.0,0
2026-08-06 17:00:00-04:00,211.19,211.19,211.19,211.19,0
2026-08-06 17:04:00-04:00,211.25,211.25,211.25,211.25,0
2026-08-06 17:06:00-04:00,211.19,211.19,211.0,211.014,0
2026-08-06 17:07:00-04:00,211.16,211.29,211.16,211.29,0
2026-08-06 17:08:00-04:00,212.36,212.36,211.39,212.0,0
2026-08-06 17:09:00-04:00,211.639,212.0,211.639,212.0,0
2026-08-06 17:10:00-04:00,213.0,213.0,213.0,213.0,0
2026-08-06 17:13:00-04:00,211.5398,211.5398,211.5398,211.5398,0
2026-08-06 17:15:00-04:00,211.512,211.512,211.512,211.512,0
2026-08-06 17:16:00-04:00,212.228,212.228,212.228,212.228,0
2026-08-06 17:17:00-04:00,211.31,211.31,211.31,211.31,0
2026-08-06 17:18:00-04:00,212.0,212.0,212.0,212.0,0
2026-08-06 17:20:00-04:00,211.5268,211.5268,211.5268,211.5268,0
2026-08-06 17:25:00-04:00,212.4,212.4,212.4,212.4,0
2026-08-06 17:29:00-04:00,212.4,212.4,212.4,212.4,0
2026-08-06 17:30:00-04:00,210.5,212.4,210.5,212.4,0
2026-08-06 17:31:00-04:00,212.4,212.4,212.4,212.4,0
2026-08-06 17:35:00-04:00,210.5,212.4,210.5,212.4,0
2026-08-06 17:36:00-04:00,210.5,210.5,210.5,210.5,0
2026-08-06 17:38:00-04:00,211.31,212.4,211.3,212.4,0
2026-08-06 17:40:00-04:00,211.0,211.05,211.0,211.05,0
2026-08-06 17:44:00-04:00,211.0,211.0,211.0,211.0,0
2026-08-06 17:47:00-04:00,212.4,212.4,212.4,212.4,0
2026-08-06 17:48:00-04:00,211.0,211.0,211.0,211.0,0
2026-08-06 17:59:00-04:00,212.4,212.4,212.4,212.4,0
2026-08-06 18:01:00-04:00,210.7425,210.7425,210.7001,210.7001,0
2026-08-06 18:02:00-04:00,210.7425,210.7425,210.7001,210.7001,0
2026-08-06 18:03:00-04:00,212.4,212.4,212.4,212.4,0
2026-08-06 18:06:00-04:00,212.4,212.4,212.4,212.4,0
2026-08-06 18:07:00-04:00,210.7,210.7,210.7,210.7,0
2026-08-06 18:09:00-04:00,212.0,212.0,212.0,212.0,0
2026-08-06 18:10:00-04:00,211.19,211.19,211.19,211.19,0
2026-08-06 18:16:00-04:00,212.4,212.4,212.4,212.4,0
2026-08-06 18:17:00-04:00,212.0,212.0,211.3,211.3,0
2026-08-06 18:20:00-04:00,212.26,212.26,212.26,212.26,0
2026-08-06 18:25:00-04:00,212.0,212.2,212.0,212.2,0
2026-08-06 18:34:00-04:00,211.35,211.35,211.35,211.35,0
2026-08-06 18:39:00-04:00,211.62,211.62,211.62,211.62,0
2026-08-06 18:42:00-04:00,211.3,211.77,211.3,211.71,0
2026-08-06 18:44:00-04:00,211.12,211.12,211.12,211.12,0
2026-08-06 18:46:00-04:00,210.73,210.73,210.73,210.73,0
2026-08-06 18:48:00-04:00,211.0,211.0,211.0,211.0,0
2026-08-06 18:55:00-04:00,211.0,211.0,211.0,211.0,0
2026-08-06 18:59:00-04:00,211.0001,211.0001,211.0001,211.0001,0
2026-08-06 19:01:00-04:00,211.5,211.5,211.5,211.5,0
2026-08-06 19:07:00-04:00,212.0,212.0,211.99,211.99,0
2026-08-06 19:08:00-04:00,212.0,212.0,212.0,212.0,0
2026-08-06 19:13:00-04:00,211.6,211.92,211.6,211.92,0
2026-08-06 19:14:00-04:00,212.0,212.0,212.0,212.0,0
2026-08-06 19:21:00-04:00,212.0,212.3937,212.0,212.3937,0
2026-08-06 19:22:00-04:00,212.39,212.39,212.0,212.34,0
2026-08-06 19:23:00-04:00,212.4,212.4,212.4,212.4,0
2026-08-06 19:25:00-04:00,211.3,211.3,211.3,211.3,0
2026-08-06 19:27:00-04:00,212.2295,212.2295,212.2295,212.2295,0
2026-08-06 19:34:00-04:00,211.57,211.57,211.57,211.57,0
2026-08-06 19:35:00-04:00,211.6,211.6,211.6,211.6,0
2026-08-06 19:36:00-04:00,212.2535,212.2535,212.2535,212.2535,0
2026-08-06 19:37:00-04:00,211.759,211.7596,211.759,211.7596,0
2026-08-06 19:38:00-04:00,211.6,211.68,211.3,211.49,0
2026-08-06 19:40:00-04:00,211.95,211.95,211.6,211.6,0
2026-08-06 19:42:00-04:00,211.6,212.22,211.6,212.1375,0
2026-08-06 19:43:00-04:00,211.64,211.64,211.64,211.64,0
2026-08-06 19:45:00-04:00,211.64,211.64,211.64,211.64,0
2026-08-06 19:46:00-04:00,211.95,211.95,211.95,211.95,0
2026-08-06 19:47:00-04:00,211.95,211.95,211.95,211.95,0
2026-08-06 19:51:00-04:00,212.13,212.16,212.13,212.16,0
2026-08-06 19:53:00-04:00,211.61,211.61,211.61,211.61,0
2026-08-06 19:56:00-04:00,211.6,211.6,211.6,211.6,0
2026-08-06 19:58:00-04:00,212.12,212.4,212.01,212.2255,0
2026-08-06 19:59:00-04:00,213.7179,213.7179,213.7179,213.7179,0
